{"cameraMode":{"drawMode":0,"name":"Shaded","section":"Shading Mode"},"sceneLighting":false,"audioPlay":false,"sceneViewState":{"m_AlwaysRefresh":false,"showFog":true,"showSkybox":true,"showFlares":true,"showImageEffects":true,"showParticleSystems":true,"showVisualEffectGraphs":true,"m_FxEnabled":true},"in2DMode":false,"pivot":{"x":8.151093482971192,"y":3.887967586517334,"z":65.3792953491211},"rotation":{"x":-0.027311893180012704,"y":0.8855501413345337,"z":0.051364537328481677,"w":0.46140387654304507},"size":1.7511755228042603,"orthographic":false}